street,lat,lon
CAVAN ROAD,1.310851175,103.861430625
BEDOK RESERVOIR VIEW,1.3377533499999998,103.9349879375
JALAN JURONG KECHIL,1.3433311199999998,103.77054464
MEYER ROAD,1.29800063,103.88967514000001
FLORA DRIVE,1.35636855,103.96591555
BISHAN STREET 15,1.3523103,103.85090319999999
SIMEI STREET 4,1.3422777714285716,103.956628
THOMSON ROAD,1.32795444,103.84030881000001
SIMEI RISE,1.3487776,103.96091647143889
MANDALAY ROAD,1.3227409625000002,103.849763775
CAVENAGH ROAD,1.30683808,103.84312888
POTONG PASIR AVENUE 1,1.3335628285714285,103.86808775714285
LENGKONG TIGA,1.3257748714285713,103.91155697142858
BEDOK RESERVOIR ROAD,1.3368377900000001,103.92505270000001
SERANGOON NORTH VIEW,1.3665226,103.8703428
GRANGE GARDEN,1.3011336500000001,103.82382555000001
ANG MO KIO AVENUE 2,1.3734772666666668,103.83345356666666
DUBLIN ROAD,1.2982894666666667,103.83986169999999
MARIAM WAY,1.359915725,103.968509225
SHUNFU ROAD,1.351908775,103.8381508375
SERANGOON NORTH AVENUE 1,1.3688331333333332,103.87238015555556
HILLVIEW AVENUE,1.3562741,103.76188883333333
BEDOK SOUTH AVENUE 3,1.3223775666666666,103.94430415555556
BUKIT BATOK EAST AVENUE 2,1.3506341699999997,103.75840525000001
PINE GROVE,1.3180682142857145,103.77527752857142
WEST COAST PARK,1.31502046,103.75681895
FARRER ROAD,1.3157379150000001,103.80693556026888
HINDHEDE WALK,1.34657535,103.7742985
HOUGANG AVENUE 7,1.3660739400000002,103.89787722000001
SOUTH BUONA VISTA ROAD,1.2877783444444444,103.78611766666667
ONE-NORTH GATEWAY,1.3017281333333335,103.78902776666668
KENG CHIN ROAD,1.3177185,103.8305452
JURONG WEST CENTRAL 3,1.3408091142857141,103.70653697142858
JALAN SENDUDOK,1.4438505250000002,103.82570453003234
COMPASSVALE ROAD,1.3899125500000002,103.89728747000001
BUKIT TIMAH ROAD,1.33045852,103.79837954
RIFLE RANGE ROAD,1.34327521,103.78283507
NORTH BRIDGE ROAD,1.29328186,103.85200031
THIAM SIEW AVENUE,1.3108434333333332,103.89563120000001
BERNAM STREET,1.2735306666666666,103.84372483333334
PEARL BANK,1.2826843333333333,103.83967063333334
CAIRNHILL RISE,1.30751355,103.83903305000001
JALAN ANAK BUKIT,1.3418167300000001,103.77723018000002
TANAH MERAH KECHIL LINK,1.3284285666666669,103.94543013333333
NORTHUMBERLAND ROAD,1.3111056,103.8522438
LENTOR HILLS ROAD,1.3845101,103.83545745
LEEDON HEIGHTS,1.3138534,103.8043852
UPPER BUKIT TIMAH ROAD,1.3512339599999998,103.77120492000002
CHIN SWEE ROAD,1.2864746,103.83929311
LENTOR CENTRAL,1.3859957,103.8351817
CAIRNHILL ROAD,1.3074257857142857,103.83691040000001
PHENG GECK AVENUE,1.3313022833333334,103.86987985000002
DUNDEE ROAD,1.2945091999999998,103.8073684
FIRST STREET,1.3133147,103.9237493
MAKEWAY AVENUE,1.31247675,103.84215085
CANBERRA DRIVE,1.4434614000000001,103.8271392
MOULMEIN RISE,1.3193680799999998,103.84662548000001
FERNVALE ROAD,1.39340287,103.87567827000001
PANDAN VALLEY,1.319291007142857,103.77772443254916
OXLEY WALK,1.2973838333333332,103.84250120000002
FLORA ROAD,1.3600060666666665,103.9658457
GEYLANG EAST AVENUE 2,1.3177727000000001,103.88868335000001
JALAN LEMPENG,1.3187627666666666,103.76104861666666
HOUGANG AVENUE 2,1.36748768,103.88710069999999
KOVAN ROAD,1.3586444285714285,103.88143711428572
SHANGHAI ROAD,1.29520615,103.82762795
CORNWALL GARDENS,1.3148540499999999,103.800430825
BUKIT BATOK STREET 52,1.3543133125,103.75310211249999
CAMBRIDGE ROAD,1.315239,103.84873313333333
SIMS AVENUE,1.31613371,103.88860570000001
UPPER EAST COAST ROAD,1.3165573199999998,103.94440233999998
HACIENDA GROVE,1.3130523,103.9272912
RIVER VALLEY ROAD,1.29547737,103.83869894
MARTIN PLACE,1.293735,103.8387498
SERANGOON AVENUE 2,1.351150075,103.87009118750001
BRADDELL HILL,1.3437622333333332,103.84151709999999
PUNGGOL FIELD WALK,1.3917672714285716,103.91282989999999
PRINCE CHARLES CRESCENT,1.2924151875,103.82146275
HAZEL PARK TERRACE,1.3718522,103.76397259999999
UPPER SERANGOON VIEW,1.3748206750000003,103.902500825
SIN MING WALK,1.3652223333333333,103.83125663333333
HILLVIEW TERRACE,1.352968325,103.75851982500001
PASIR RIS GROVE,1.3715959428571427,103.94544212857144
TAN KIM CHENG ROAD,1.3213597,103.8122413
MARGATE ROAD,1.2978622,103.8886768
MILTONIA CLOSE,1.4179868000000002,103.84827443333332
BEDOK RISE,1.326574942857143,103.94866994285715
DAKOTA CRESCENT,1.30668234,103.88632451000001
JALAN TEMBUSU,1.3046606,103.8989205
JALAN PELIKAT,1.35464055,103.88727309999999
ST. MICHAEL'S ROAD,1.3265125666666666,103.86360535555555
CHUN TIN ROAD,1.3430769714285713,103.77254481428572
ELIAS ROAD,1.37778186,103.94290708999999
JELLICOE ROAD,1.3079696200000002,103.86230842
ONE TREE HILL,1.3008423,103.82575216666667
IPOH LANE,1.3117987,103.89567345
YEW SIANG ROAD,1.277323175,103.792693325
HOLLAND HILL,1.3095487833333335,103.80143206666666
JURONG LAKE LINK,1.3454888,103.72501976666666
TELOK KURAU ROAD,1.31312705,103.9104993125
MOUNT VERNON ROAD,1.3404639555555553,103.87925868888891
HOLLAND VILLAGE WAY,1.3102098250000003,103.794779825
SING JOO WALK,1.3147088,103.8547817
ENGGOR STREET,1.2741916666666666,103.84406203333333
TANAH MERAH KECHIL ROAD SOUTH,1.3211486333333333,103.94706719999999
ROSEWOOD DRIVE,1.4300484,103.78505525
LORONG 31 GEYLANG,1.3150105,103.88690293333333
SHENTON WAY,1.2757435149999998,103.84798881461568
SELETAR ROAD,1.3837359700000003,103.86818692
DRAYCOTT PARK,1.3118067333333332,103.83111073333333
MERGUI ROAD,1.3172259,103.85211115
RIVER VALLEY CLOSE,1.29331502,103.83731198000001
JALAN AMPAS,1.3260281333333335,103.8514244
HAVELOCK ROAD,1.2893573833333334,103.83026141666666
BALMEG HILL,1.2825063,103.78277405
MEYAPPA CHETTIAR ROAD,1.3309312333333334,103.86761030000001
LINCOLN ROAD,1.315445,103.84303603333332
LORONG L TELOK KURAU,1.31199968,103.91202826000001
GEYLANG ROAD,1.3132395899999998,103.88309402999998
PASIR PANJANG ROAD,1.2847470099999998,103.7799002
SEMBAWANG ROAD,1.4572711083333332,103.83478337845281
TAMPINES STREET 86,1.35310855,103.92951903000001
WEST COAST ROAD,1.3129467499999998,103.75542135
PASIR RIS LINK,1.3770221999999999,103.9603946
KAMPONG BAHRU ROAD,1.274884688888889,103.82997975555556
CLEMENCEAU AVENUE NORTH,1.30870952,103.83956939999999
FARRER DRIVE,1.3144995,103.8064933
COVE WAY,1.24115485,103.83841184554697
JALAN BUNGA RAMPAI,1.33879404,103.88357982
LORONG 40 GEYLANG,1.3136274,103.88966796666666
LORONG 1 TOA PAYOH,1.33780513,103.84671593
WEST COAST DRIVE,1.3129660666666667,103.75928796666666
HOLLAND ROAD,1.307938025,103.8110767
HOUGANG STREET 11,1.3519267,103.87976094000001
NEWTON ROAD,1.31594263,103.84120807045706
ALEXANDRA VIEW,1.2907335666666666,103.81751333333334
LAKESIDE DRIVE,1.3427963333333333,103.72102926666666
LORONG M TELOK KURAU,1.3110254000000001,103.91272257499999
WOODSVILLE CLOSE,1.3294241999999998,103.86801748
TRANSIT ROAD,1.4047353500000002,103.81866255
RIDLEY PARK,1.300561766666667,103.81544666666666
CASHEW ROAD,1.3721551428571428,103.76844919999998
BIDADARI PARK DRIVE,1.3373758428571427,103.8720049
DOVER RISE,1.3044337,103.78448611428573
BEACH ROAD,1.2950597499999998,103.85541998333333
DUNEARN ROAD,1.3195718833333332,103.82863835
MIDDLE ROAD,1.29882738,103.85353890000002
DAIRY FARM WALK,1.3670272666666667,103.77387263333333
KIM SENG WALK,1.2944829,103.8308914
SIMS DRIVE,1.3176954,103.87852978000001
AMBER ROAD,1.3006918200000002,103.90018653
STIRLING ROAD,1.29303166,103.80471892
PARBURY AVENUE,1.3172128399999998,103.94320106
MOHAMED SULTAN ROAD,1.2921455444444445,103.84044464444443
PUNGGOL CENTRAL,1.3999540700000002,103.91050334000002
UPPER PAYA LEBAR ROAD,1.34166995,103.88434787000001
BUKIT BATOK STREET 31,1.3587996555555555,103.74971722222223
IRRAWADDY ROAD,1.322715025,103.8445163625
WOODLEIGH CLOSE,1.33604,103.86892720000002
ALEXANDRA ROAD,1.29113196,103.80912828000001
YISHUN CLOSE,1.4344082333333332,103.844742
BARTLEY ROAD,1.34299067,103.87958008999999
SERANGOON AVENUE 3,1.35132021,103.86688269999999
DEPOT ROAD,1.2814616600000002,103.80991199
MARINE VISTA,1.3061162666666666,103.92071283333333
LORONG H TELOK KURAU,1.3157277333333333,103.90828610000001
UPPER SERANGOON ROAD,1.3475127199999999,103.87269228999999
YIO CHU KANG ROAD,1.3778569285714286,103.85124572857141
BENCOOLEN STREET,1.3003976444444445,103.85161297777778
GATEWAY DRIVE,1.3354580714285718,103.74131871428571
PAYA LEBAR ROAD,1.32383326,103.89077224
MARINA BOULEVARD,1.2793939714285714,103.85631205714286
FORT ROAD,1.2994102714285714,103.88533164285715
RICHARDS AVENUE,1.3619534333333334,103.8811622
LORONG 30 GEYLANG,1.312508725,103.886333675
MCCALLUM STREET,1.2791227,103.8483141857143
GUILLEMARD ROAD,1.3114834444444445,103.88523784444445
KEPPEL BAY VIEW,1.26740318,103.81208944
HONG SAN WALK,1.377531525,103.7469714
SIMEI STREET 3,1.34110629,103.95148773000001
EAST COAST ROAD,1.3098532700000003,103.91543019000001
LORONG K TELOK KURAU,1.313168766666667,103.91210043333335
AMBER GARDENS,1.30153065,103.89973400000001
JERVOIS CLOSE,1.2933551,103.8248245
FERNWOOD TERRACE,1.3096936,103.9244777
JURONG WEST STREET 41,1.34799288,103.72384918999998
HOLT ROAD,1.29423025,103.82582435
WEST COAST CRESCENT,1.298404,103.765547575
WEST COAST VALE,1.318451725,103.75279355
TANGLIN ROAD,1.3032294666666666,103.8221963
PECK HAY ROAD,1.3093235666666667,103.83882716666666
FRASER STREET,1.3001409750000001,103.85746085000001
LORONG LIMAU,1.3240267,103.8550318
ARTHUR ROAD,1.3018733200000001,103.88801728000001
NASSIM ROAD,1.3109588,103.82173118571428
COVE DRIVE,1.242169775,103.833981925
DAIRY FARM ROAD,1.36424324,103.77167093999999
TANAH MERAH KECHIL AVENUE,1.3297704285714287,103.94610885714285
MINBU ROAD,1.3242685,103.84920695999999
MOONSTONE LANE,1.3276504375,103.8658826125
PHOENIX ROAD,1.3761052,103.7574971
LOWER DELTA ROAD,1.28221344,103.82436867999999
LORONG KISMIS,1.3374362499999999,103.76829745
DELTA ROAD,1.2916238,103.826093675
BRIGHT HILL DRIVE,1.3582873166666667,103.83283343333333
SCOTTS ROAD,1.3087457400000002,103.83424290999999
LORONG G TELOK KURAU,1.3169456875,103.90919976250001
JURONG EAST STREET 13,1.3371404777777778,103.73672695555555
WOODLEIGH LANE,1.337919066666667,103.86936296666669
LAVENDER STREET,1.3130317699999998,103.86102636999999
LORONG HOW SUN,1.3435726,103.8811879
JALAN KEMAMAN,1.3262763666666668,103.85024316666666
SOPHIA ROAD,1.303730375,103.8470423
PASIR RIS HEIGHTS,1.382099057142857,103.94304051428573
SURREY ROAD,1.3158481333333334,103.8429067
WHAMPOA EAST,1.3213046333333331,103.86436983333333
MOUNT EMILY ROAD,1.3048113,103.84849580000001
MOUNT FABER ROAD,1.2705674285714286,103.82206412857144
BAYSHORE ROAD,1.3129816285714284,103.93995694285711
ROCHESTER DRIVE,1.30633116,103.78881564000001
UPPER CHANGI ROAD EAST,1.34549865,103.962719225
PETIR ROAD,1.3729644999999997,103.77126033333333
HARBOURFRONT AVENUE,1.2662535666666666,103.81823466666667
GRANGE ROAD,1.3002850714285716,103.83421168571428
HAIG ROAD,1.31190371,103.89654816999999
BROOKVALE DRIVE,1.33001485,103.7680727
TOPAZ ROAD,1.3285365,103.86558364999999
LORONG MARICAN,1.3231907333333333,103.90816389999999
OXLEY RISE,1.2980369600000001,103.84239848
JALAN MUTIARA,1.2961729,103.82847509999999
HOUGANG STREET 32,1.3634539333333333,103.89501353333333
KAMPONG EUNOS,1.3185904,103.9065496
FABER WALK,1.321410088888889,103.7583403
RHU CROSS,1.2952949,103.86804513333334
STEVENS ROAD,1.3154464125,103.827565225
LORONG 5 TOA PAYOH,1.3361472444444447,103.85222084444445
JALAN SEMPADAN,1.312048575,103.9275052
DEVONSHIRE ROAD,1.2989475888888888,103.83727902222222
WISHART ROAD,1.26998835,103.81402637500001
TANJONG RHU ROAD,1.29730225,103.8746924
BEDOK RIA CRESCENT,1.3264813500000001,103.95315931236576
PATERSON HILL,1.3006948249999999,103.82955907499999
LORONG LEW LIAN,1.350640425,103.8770843
SPOTTISWOODE PARK ROAD,1.2746849125000002,103.8376871
DUNMAN ROAD,1.30947464,103.89599267000001
NATHAN ROAD,1.29623165,103.82603263333334
BRADDELL ROAD,1.34362772,103.85175158
DERBYSHIRE ROAD,1.3161202666666665,103.84577053333334
BALMORAL ROAD,1.3154518333333334,103.83268965
TOH TUCK ROAD,1.3396386,103.76728552857142
JOO CHIAT TERRACE,1.31456464,103.90128948000002
CHOA CHU KANG LOOP,1.3852290333333335,103.74417363333333
EVELYN ROAD,1.315939,103.84032893333334
HILLVIEW RISE,1.3633582,103.76402692000002
WILBY ROAD,1.3313605,103.78827940000001
ORCHARD ROAD,1.30398304,103.83378272
LIM AH WOO ROAD,1.3120587000000001,103.89206025
CHESTNUT AVENUE,1.3711071666666665,103.77684132222221
MAR THOMA ROAD,1.3277953333333334,103.86284543333333
SIGLAP LINK,1.308425825,103.92881215
SHELFORD ROAD,1.3271519333333333,103.81155663333332
YISHUN AVENUE 9,1.4330919,103.84107116666667
GEYLANG EAST AVENUE 1,1.317832733333333,103.88559336666668
FERNVALE STREET,1.3984664285714286,103.87844988571429
UPPER CIRCULAR ROAD,1.2887775499999998,103.84821079999999
ST. THOMAS WALK,1.29664515,103.83660815
SHREWSBURY ROAD,1.3181049500000002,103.84826386666667
SLIM BARRACKS RISE,1.30321,103.78932809999999
SUNRISE AVENUE,1.38761658,103.85726425
JELEBU ROAD,1.37953635,103.76380615
ST. FRANCIS ROAD,1.3243076999999999,103.86333415
EASTWOOD ROAD,1.3214399666666667,103.95743420000001
CENTRAL BOULEVARD,1.2774111333333333,103.85598833333331
WALLICH STREET,1.2772534199999999,103.84531736
LENGKONG TUJOH,1.328467,103.9149293
HUME AVENUE,1.35679512,103.76667544
YISHUN CENTRAL 1,1.4275824428571429,103.83741440000001
LEONIE HILL,1.2982948666666667,103.83191816666665
STURDEE ROAD,1.3122487999999999,103.85935125
KING ALBERT PARK,1.33478606,103.78062630957754
SOMMERVILLE ROAD,1.3450334,103.86774543333335
BEATTY ROAD,1.31408132,103.8587365
JALAN RAMA RAMA,1.3275999,103.84951955
BASSEIN ROAD,1.32331115,103.84822439999999
OXFORD ROAD,1.31568105,103.852603625
UPPER THOMSON ROAD,1.3824589666666667,103.82587706666668
LORONG PUNTONG,1.3607618,103.83102486666667
WOODGROVE AVENUE,1.4283346,103.78081384000002
PASIR RIS DRIVE 8,1.3727341857142856,103.94764925714286
LORONG 3 TOA PAYOH,1.3380432142857142,103.84805822857142
AH HOOD ROAD,1.3276377833333333,103.84613721666666
PARI DEDAP WALK,1.33162165,103.942143075
TANJONG KATONG ROAD,1.30390395,103.89630838999999
LORONG 32 GEYLANG,1.3128431333333335,103.88696246666666
JALAN MEMBINA,1.2840717166666666,103.82665103333333
LADY HILL ROAD,1.310924475,103.824304375
CHONG KUO ROAD,1.4033854,103.8176155
DALVEY ROAD,1.315344,103.82234708333334
KANDIS LINK,1.4570321,103.8369509
ORCHARD BOULEVARD,1.3033003600000002,103.82751405765569
PUNGGOL WALK,1.40505385,103.90044157
TAMPINES AVENUE 1,1.3463626899999999,103.93594815000002
SENGKANG SQUARE,1.39175575,103.895614575
JALAN LOKAM,1.347045775,103.88391272499999
BEDOK NORTH DRIVE,1.3257295999999998,103.92874789999999
TAMPINES ROAD,1.3681234428571425,103.91496857142856
WEST COAST WALK,1.3100521833333334,103.76222815
JURONG EAST STREET 32,1.3465340375000001,103.7331493
KILLINEY ROAD,1.2978923100000002,103.83866717999999
LORONG 35 GEYLANG,1.3152019333333334,103.88856653333333
BUKIT BATOK EAST AVENUE 5,1.3513449285714287,103.75584085714286
COMPASSVALE BOW,1.3828036857142858,103.89130952857143
MARINA WAY,1.278051125,103.85445272500002
SINARAN DRIVE,1.3199749,103.84509491666665
SIGLAP ROAD,1.312380675,103.92424352500001
SERANGOON ROAD,1.3189763500000002,103.86114812999999
QUEENSWAY,1.29362011,103.80066739000002
CACTUS DRIVE,1.3885838,103.85264303333334
BALESTIER ROAD,1.32434049,103.84965186
ROSYTH ROAD,1.36280765,103.87485792500001
PATERSON ROAD,1.3021539714285715,103.83043568571428
JALAN LOYANG BESAR,1.3786256000000001,103.96003130000001
STILL ROAD SOUTH,1.3049473142857144,103.90987297142856
MOUNTBATTEN ROAD,1.30416034,103.89186382999999
CHANGI ROAD,1.3180162,103.90673923
LORONG MYDIN,1.3209015,103.91130533333335
LORONG 26 GEYLANG,1.3124090333333334,103.88485346666666
MOUNT SINAI LANE,1.3157082666666666,103.78537326666667
CARDIFF GROVE,1.3573354499999999,103.86600595
BUKIT BATOK STREET 41,1.3559755333333332,103.74185423333334
WILKIE TERRACE,1.3023316999999999,103.84876270000001
WOODGROVE DRIVE,1.4290174,103.781778025
WILKIE ROAD,1.3028507,103.84779636
LORONG STANGEE,1.3090903,103.9068282
MARINE PARADE ROAD,1.30455633,103.9095949
BUKIT BATOK STREET 25,1.3438931142857142,103.76076525714288
CHANCERY LANE,1.3203053428571427,103.8375852857143
CEYLON ROAD,1.30767255,103.9013035875
LORONG 33 GEYLANG,1.3151033571428574,103.88784491428571
UPPER BUKIT TIMAH VIEW,1.3473106,103.7705855
LORONG SARHAD,1.2804144499999999,103.7883322
JALAN TAMAN,1.3260452200000001,103.86477266
MARGARET DRIVE,1.29832835,103.80580929
CHOA CHU KANG NORTH 7,1.4007792799999998,103.74682118000001
RIVERVALE CRESCENT,1.3903262399999998,103.90733964
CORPORATION ROAD,1.33847532,103.71720133
TAN QUEE LAN STREET,1.298381125,103.85682935
RIDGEWOOD CLOSE,1.317324525,103.7783141
FERNVALE CLOSE,1.3944364,103.87971106666667
SUNSET WAY,1.3239218099999999,103.76916111999999
SARKIES ROAD,1.3142823,103.8368452
JALAN HAJIJAH,1.31329795,103.93504235
JERVOIS ROAD,1.2946985000000002,103.82072548333332
CHAY YAN STREET,1.2824883666666669,103.83101099999999
JOO CHIAT LANE,1.31239194,103.90227834
POH HUAT ROAD,1.3666123,103.881805
HOOT KIAM ROAD,1.296917525,103.83017372500001
BUTTERWORTH LANE,1.3123901,103.8948289
WARINGIN PARK,1.322200975,103.9187608
JALAN MASJID,1.3199207333333334,103.91240403333335
COMMONWEALTH AVENUE,1.2969728,103.80385483
SIMEI STREET 1,1.3446498999999998,103.95505675
BUKIT BATOK EAST AVENUE 6,1.3453801,103.75665573
HAIG LANE,1.309131,103.89913076666669
LORONG AH SOO,1.35159104,103.88375142
CUSCADEN WALK,1.3041771,103.82921075
DUCHESS AVENUE,1.3237687,103.80291565
JALAN MERLIMAU,1.3234857,103.84060505
ST. PATRICK'S ROAD,1.308014375,103.913597675
YISHUN RING ROAD,1.42872042,103.83602905000001
SIN MING AVENUE,1.361349714285714,103.8342897142857
JALAN MAT JAMBOL,1.27899984,103.79160864
MIMOSA ROAD,1.38426533,103.86178645
ARDMORE PARK,1.3094628,103.82908754
CARLISLE ROAD,1.3137749,103.848369425
ELIAS GREEN,1.37115235,103.94205620000001
LORONG 34 GEYLANG,1.3125248,103.88796975
SENGKANG EAST AVENUE,1.3894240285714285,103.88580852857142
GOPENG STREET,1.2754039,103.84465215999998
JALAN RAJAH,1.3279155999999999,103.85048691666667
MOUNT SOPHIA,1.3013127666666666,103.84672053333333
GERALD DRIVE,1.38619476,103.87660578999999
CARPMAEL ROAD,1.3110330142857143,103.89977007142855
MACKENZIE ROAD,1.3059365142857142,103.84814992857142
ARCADIA ROAD,1.3329721666666667,103.81248786666667
FERNVALE LINK,1.3933793222222224,103.87916645555555
AVA ROAD,1.32223815,103.85232880000001
ROBERTSON QUAY,1.2907038600000003,103.83879777
NORMANTON PARK,1.2880326,103.79180885714287
EDGEDALE PLAINS,1.3996011400000001,103.91398072
ANTHONY ROAD,1.3103637,103.83788203333334
LAKEPOINT DRIVE,1.3407325,103.717539075
MACPHERSON ROAD,1.33078246,103.87801196000001
JALAN PARI KIKIS,1.33164555,103.94353475
OUTRAM ROAD,1.283518,103.83677748999999
ANSON ROAD,1.27475262,103.84559586
JALAN DAUD,1.32589875,103.90875930000001
CHOA CHU KANG AVENUE 3,1.37999212,103.74106100000002
TANAH MERAH KECHIL ROAD,1.3284839333333334,103.94376263333334
NIM ROAD,1.38204941,103.86338814999999
RANGOON ROAD,1.31414251,103.85416866
SUFFOLK WALK,1.3152257,103.8444914
JALAN JINTAN,1.3057788,103.8347407
MOULMEIN ROAD,1.3190022000000001,103.84828405
LORONG 25A GEYLANG,1.31457085,103.88311895000002
MARNE ROAD,1.3127681,103.8570115
JALAN RAJA UDANG,1.3276515500000001,103.8424329
LEONIE HILL ROAD,1.29838875,103.83371555
BEDOK ROAD,1.3270141,103.9508459625
JALAN RUMBIA,1.295831,103.8430846
UPPER SERANGOON CRESCENT,1.3764717166666667,103.90098848333334
ONAN ROAD,1.3105787444444443,103.90077491111111
TAI THONG CRESCENT,1.328929375,103.86959422499999
KIM TIAN ROAD,1.2823305,103.82812016
SOMME ROAD,1.3111821,103.8583303
HOUGANG STREET 92,1.37395356,103.87993466
KIM KEAT ROAD,1.3249356666666667,103.85347196666667
MARYMOUNT TERRACE,1.35066278,103.84038002
DAIRY FARM HEIGHTS,1.3665455,103.77164435
CEYLON LANE,1.31054575,103.8996846
JALAN ARUAN,1.31269235,103.84281005
ANG MO KIO STREET 66,1.39086825,103.8501851
CLARKE QUAY,1.2903486199999998,103.84507204865311
TOMLINSON ROAD,1.3035316000000001,103.82614310000001
CUSCADEN ROAD,1.305171,103.826458425
YISHUN AVENUE 1,1.42041279,103.84775582000002
JALAN EUNOS,1.3214590000000002,103.90523638333332
LORONG 6 GEYLANG,1.3100553799999999,103.87666973999998
LORONG 101 CHANGI,1.315685075,103.89973917500001
JALAN MATA AYER,1.426080375,103.82432675
JOO CHIAT PLACE,1.3136929333333334,103.90271963333333
BISHOPSGATE,1.2974402333333332,103.82297100000001
HANDY ROAD,1.2992494,103.846960325
KITCHENER LINK,1.311650475,103.857055575
TEOW HOCK AVENUE,1.3620777,103.8797835
RAMBAI ROAD,1.3107999000000001,103.90555495000001
LORONG 14 GEYLANG,1.3115006999999999,103.87914632000002
LORONG J TELOK KURAU,1.31393765,103.910068475
CANTONMENT ROAD,1.2766119,103.84068233
LEW LIAN VALE,1.3492394,103.8779099
LORONG 24 GEYLANG,1.3118543,103.8833621
KEPPEL BAY DRIVE,1.2652974,103.81548875000001
OCEAN DRIVE,1.2482137999999998,103.84201825
ELIZABETH DRIVE,1.3601142,103.7637919
BEDOK CENTRAL,1.3255429555555556,103.93376005555555
LORONG SARINA,1.3197824,103.90770972
YISHUN STREET 81,1.41404315,103.83617648750001
ZION ROAD,1.292033,103.83187776
MANGIS ROAD,1.3132367,103.9040066
SIN MING ROAD,1.3557924666666665,103.83737615
EWE BOON ROAD,1.3167054571428571,103.83121677142857
BEDOK SOUTH AVENUE 1,1.3183101625,103.9328934875
MIMOSA CRESCENT,1.3838807,103.86377180000001
CLEMENTI AVENUE 1,1.3090501749999999,103.76928565
LORONG 22 GEYLANG,1.31128858,103.88218898
LORONG 16 GEYLANG,1.3114663,103.879918
ROBIN ROAD,1.31651056,103.82744352
ANDERSON ROAD,1.311001925,103.8279709
KIM YAM ROAD,1.2940522875,103.8392997375
LORONG 27 GEYLANG,1.3149988750000001,103.88377344999999
TONG WATT ROAD,1.2930529333333334,103.84024193333335
KHIANG GUAN AVENUE,1.31750825,103.8428442
KENG LEE ROAD,1.3126021444444445,103.84536183333334
ANG MO KIO CENTRAL 3,1.3751639999999998,103.846879425
SUFFOLK ROAD,1.3144599,103.8451679
PEPYS ROAD,1.2784011999999998,103.79399012500001
KAY POH ROAD,1.296751375,103.82891055
RODYK STREET,1.2910743833333334,103.83815168333332
AKYAB ROAD,1.3236647,103.84859465
KIM SENG ROAD,1.2925933666666667,103.83332896666667
MISTRI ROAD,1.2737824,103.8459138
LORONG N TELOK KURAU,1.3102699,103.91383175
SING AVENUE,1.315236825,103.854367
SEA AVENUE,1.30615505,103.90665325
SIXTH AVENUE,1.32773187,103.79376748324043
TEMBELING ROAD,1.3102205125,103.9029902125
ORANGE GROVE ROAD,1.3095971625,103.82681947500001
LORONG 20 GEYLANG,1.3116682166666667,103.8813104
ESSEX ROAD,1.3171356,103.84495169999998
JALAN DATOH,1.32771408,103.84299894
JALAN KEMBANGAN,1.3232358999999998,103.91374703858492
CACTUS ROAD,1.38962265,103.85277827499999
SERAYA LANE,1.3069949,103.9002006
HOLLAND GROVE ROAD,1.3161841,103.78334115000001
DUKU ROAD,1.3094746800000001,103.90505198000001
BALMORAL PARK,1.31482505,103.8294622
PALM GROVE AVENUE,1.3594156,103.8774727
BISHAN STREET 25,1.3595995666666667,103.84513623333333
HEMMANT ROAD,1.3117387,103.8909379
JALAN SULTAN,1.30320547,103.86129194
RACE COURSE ROAD,1.31075962,103.85256758999999
JALAN NOVENA BARAT,1.3230450999999999,103.842263
TELOK BLANGAH ROAD,1.267740222222222,103.81710703333334
TAMARIND ROAD,1.3889939300000003,103.86046470000001
FOURTH AVENUE,1.3293440666666665,103.79717326666666
BOON TECK ROAD,1.3267912333333334,103.85002836666666
CORONATION ROAD WEST,1.3198842333333332,103.79643963333332
FLANDERS SQUARE,1.3124924,103.8576927
ROSE LANE,1.3102575,103.8938148
JIAK KIM STREET,1.29090355,103.83486160000001
INSTITUTION HILL,1.2950780499999999,103.83968935
POH HUAT ROAD WEST,1.3676901,103.87646325
QUEEN'S ROAD,1.3208845666666669,103.80956061666666
ANG MO KIO AVENUE 8,1.36689374,103.85053334
JALAN BUKIT HO SWEE,1.28747594,103.82930764
LORONG 28 GEYLANG,1.3123127,103.885624725
WOODLANDS ROAD,1.4095719555555555,103.75848878888888
BUCKLEY ROAD,1.31806508,103.84061928000001
UPPER CHANGI ROAD,1.3332697777777778,103.94897156666667
WEST COAST WAY,1.3156165,103.7557612
JURONG EAST AVENUE 1,1.34334613,103.73690056000001
JALAN DUSUN,1.32789745,103.8439273
STILL ROAD,1.31285363,103.90689360000002
STAMFORD ROAD,1.2943971444444444,103.8513025111111
MOUNT SINAI RISE,1.3160476,103.77793377777776
SEMBAWANG DRIVE,1.45520816,103.81618562000001
CAIRNHILL CIRCLE,1.3065531,103.8384307
HOW SUN DRIVE,1.344167,103.87864569999999
LORONG 38 GEYLANG,1.3140908,103.8888897
NASSIM HILL,1.3072718599999997,103.82138026
FLOWER ROAD,1.36010245,103.880882925
ANG MO KIO AVENUE 9,1.383771483333333,103.84321158333334
TAMAN SERASI,1.3081257,103.8189599
TREVOSE CRESCENT,1.3249236,103.82262419999999
PALM ROAD,1.3133709,103.9310164
RACE COURSE LANE,1.309792,103.85290520000001
DRAYCOTT DRIVE,1.3092914666666666,103.83135523333334
LORONG MELAYU,1.3227598375,103.9100412625
UPPER CHANGI ROAD NORTH,1.3603164857142858,103.9722039
OXLEY GARDEN,1.29842845,103.84214105
DAISY ROAD,1.3434071,103.8681937
SHAN ROAD,1.3252880333333332,103.84678626666665
WATTEN VIEW,1.3310378,103.8095315
SILAT AVENUE,1.2765232499999999,103.83055485
LORONG 36 GEYLANG,1.3131099333333334,103.88846530000001
SUNSHINE TERRACE,1.34581654,103.87234856
ALJUNIED ROAD,1.3220557199999998,103.88115697999999
HOW SUN ROAD,1.3454898000000002,103.8813477
KENSINGTON PARK DRIVE,1.3678875000000001,103.86883550051702
KIM KEAT CLOSE,1.3235778,103.8531386
KAMPONG BUGIS,1.3075779333333333,103.86618676666667
ANAMALAI AVENUE,1.3305730999999998,103.7948371
MARTIA ROAD,1.3072656999999999,103.91048319999999
CLUNY PARK ROAD,1.3195426000000001,103.81461743333331
JALAN NAUNG,1.36872135,103.89304014999999
YAN KIT ROAD,1.2756757374999999,103.8419753375
LENGKONG EMPAT,1.3280089333333334,103.91297153333333
LORONG 27A GEYLANG,1.31468105,103.88480725
PEMIMPIN DRIVE,1.3527066333333335,103.84222469999999
STEVENS DRIVE,1.3173732666666667,103.826422
JOO CHIAT ROAD,1.3134017833333334,103.89955053333331
MOUNT SINAI DRIVE,1.3175988250000001,103.77942095
ZION CLOSE,1.293267975,103.83083975
JALAN SAUDARA KU,1.3105537,103.9202953
ADAM ROAD,1.3283249333333333,103.81466433333334
EVERTON ROAD,1.2747077333333332,103.83856096666666
LORONG AMPAS,1.32605825,103.85316449999999
CHERRY AVENUE,1.3323121,103.7928031
JALAN KUALA,1.2954645999999999,103.8354653
KOVAN RISE,1.3624561666666668,103.88580896666667
RIVER VALLEY GROVE,1.2965697,103.8342346
LORONG 102 CHANGI,1.3161367,103.9008511
LENTOR LOOP,1.3880822000000002,103.83651416666667
EDEN GROVE,1.3445619333333332,103.8718573
OWEN ROAD,1.3141708666666667,103.85258588888888
MARTIN ROAD,1.2917166,103.8382099
SIMON LANE,1.3630836999999998,103.88433805
JALAN SINGA,1.330663175,103.9069532
KALLANG ROAD,1.3082029444444445,103.86436494444446
JALAN PUNAI,1.3298411,103.9071582
HINDHEDE DRIVE,1.3464316666666667,103.77601303333334
GILSTEAD ROAD,1.31650305,103.83951648333334
PARK VALE,1.3300734,103.8100825
LEEDON ROAD,1.3139823,103.79825345714285
JALAN REMAJA,1.3578697000000002,103.76086624999999
PASIR PANJANG HILL,1.28147455,103.78572394999999
GRAY LANE,1.3123274,103.8926731
OLD UPPER THOMSON ROAD,1.377040533333333,103.82503728333334
HIGHLAND ROAD,1.3576612333333333,103.8786662
BALMORAL CRESCENT,1.3161713333333334,103.83442863333333
ONTARIO AVENUE,1.3574293,103.8277026
OPAL CRESCENT,1.32773325,103.86726105
KIM KEAT LANE,1.3240114666666667,103.8536742
LORONG ONG LYE,1.348107725,103.87900175
DAIRY FARM LANE,1.3665058,103.77331175
ADIS ROAD,1.3006325333333333,103.84765813333333
LORONG 7 GEYLANG,1.31241725,103.8759155
LORONG 39 GEYLANG,1.3157536333333333,103.8907348
HERTFORD ROAD,1.31275875,103.8481109
PRINSEP LINK,1.3000978,103.850653
TAMAN WARNA,1.3103572749999999,103.7971209
JALAN RAJAWALI,1.3436671400000002,103.76858774
PULASAN ROAD,1.3116544499999998,103.9063364
FABER HEIGHTS,1.3222399999999999,103.7568891
ENG KONG CRESCENT,1.3352424,103.7695006
MEI HWAN DRIVE,1.3537489666666664,103.86104823333334
BUANGKOK GREEN,1.3797561,103.88454504444445
HAIG AVENUE,1.3080526,103.8996454
LORONG BANDANG,1.3143528,103.9099546
ROBINSON ROAD,1.2800633285714285,103.8496132857143
JALAN MERAH SAGA,1.3113226500000001,103.79754565
SWISS VIEW,1.3466204,103.79026895
EAST COAST TERRACE,1.3109724000000003,103.92297657499999
CLAYMORE ROAD,1.3074291142857142,103.82972777142857
THOMSON LANE,1.33086075,103.8410023
HILLSIDE DRIVE,1.3582034666666667,103.87703711666666
LORONG SALLEH,1.3230739,103.9069788
ST. MARTIN'S DRIVE,1.3058459500000001,103.8242414
LEWIS ROAD,1.3204585666666668,103.82327096666667
DALVEY ESTATE,1.3188282333333332,103.820947
BRISTOL ROAD,1.3130666666666666,103.84913046666668
LOYANG AVENUE,1.3689546199999998,103.96990706000001
PEGU ROAD,1.3236559,103.8519212
CHOA CHU KANG NORTH 6,1.3960944375,103.747605525
WEST COAST RISE,1.3158457,103.7532843
FABER DRIVE,1.3198868,103.758300475
MARGOLIOUTH ROAD,1.3190862333333333,103.82393703333332
EMERALD HILL ROAD,1.3033847142857142,103.8392888857143
OXLEY ROAD,1.2985018857142856,103.8412508857143
QUEEN ASTRID GARDENS,1.3184174666666666,103.78924196666667
BUKIT DRIVE,1.3477174500000002,103.77502935000001
PROME ROAD,1.32495625,103.84926469999999
LORONG 25 GEYLANG,1.3149407,103.88263266666667
ARNASALAM CHETTY ROAD,1.2916381,103.8385322
BISHAN STREET 21,1.3481064999999999,103.84244335
TYRWHITT ROAD,1.31085555,103.85973668
LORONG 4 GEYLANG,1.30982932,103.87608513999999
LORONG 29 GEYLANG,1.31476825,103.8858269
FLORENCE ROAD,1.36490195,103.886151025
CLUB STREET,1.2822683625,103.846298725
LORONG 8 GEYLANG,1.31037555,103.87721365
LIM TUA TOW ROAD,1.3544635,103.87642925
LORONG 12 GEYLANG,1.311090175,103.878382425
RAMBUTAN ROAD,1.3139663,103.9047798
ANGULLIA PARK,1.3046346,103.83004551428571
TESSENSOHN ROAD,1.314781525,103.85563337500001
BUKIT BATOK CENTRAL LINK,1.3499306599999998,103.7488302
LOYANG BESAR CLOSE,1.3781698,103.9585939
LORONG 19 GEYLANG,1.3143786714285715,103.87904995714288
LORONG KILAT,1.3409507999999999,103.77345315
HOLLAND PARK,1.308779975,103.80515595
KEW CRESCENT,1.3195792000000002,103.9490358
BINJAI PARK,1.3382444800000002,103.78754832
CRAIG ROAD,1.27782105,103.84268241666668
JANSEN ROAD,1.3585963666666665,103.87816123333333
GAMBIR WALK,1.3445157,103.8751589
JALAN YASIN,1.32090905,103.90591805
FIFTH AVENUE,1.3298763500000002,103.7955824
GLASGOW ROAD,1.36167215,103.87844329999999
PAYA LEBAR CRESCENT,1.3490470285714284,103.88265435714285
LORONG MARZUKI,1.3230438333333334,103.90885613333334
DUCHESS ROAD,1.323912,103.8075733
SAMPAN PLACE,1.300348,103.8822702
JALAN TUA KONG,1.3163521,103.92547276
FOO KIM LIN ROAD,1.3286829,103.906604
SOMMERVILLE WALK,1.34384525,103.87008595
LEICESTER ROAD,1.3299975666666668,103.8673059
LORONG 37 GEYLANG,1.3155203199999999,103.88974828
LORONG 108 CHANGI,1.31667405,103.90458045
LORONG CHUAN,1.3590288083333333,103.86745203064324
BOUNDARY ROAD,1.353936866666667,103.87424775555554
LANGSAT ROAD,1.315180875,103.90175160000001
SPRINGSIDE GREEN,1.4036754,103.8190036
KOON SENG ROAD,1.31180405,103.9045203
PARRY AVENUE,1.36440785,103.87744985
GUILLEMARD CRESCENT,1.3096203666666668,103.88084553333333
NEW BRIDGE ROAD,1.28464052,103.84385398000002
BOAT QUAY,1.28760528,103.84971243
STANGEE PLACE,1.3079644,103.9068135
SIGLAP DRIVE,1.3164954500000001,103.92042864999999
ROBIN DRIVE,1.3184267,103.8278845
FORD AVENUE,1.31379976,103.79499607999999
JALAN LIMBOK,1.3638804,103.8744771
NAPIER ROAD,1.3060195833333332,103.82065363333334
ENG NEO AVENUE,1.3353266333333333,103.79998471666666
KAMPONG JAVA ROAD,1.3117248499999998,103.84534953
KALIDASA AVENUE,1.38196405,103.8302707
CLAYMORE DRIVE,1.3072582499999998,103.8294368
CHAPEL ROAD,1.3067006,103.90729189999999
JALAN ULU SIGLAP,1.3143085,103.92813999999998
KENT ROAD,1.3163040499999998,103.85218455
JALAN LIMAU BALI,1.32298105,103.94777025
FOCH ROAD,1.312398175,103.860037925
TANGLIN HILL,1.3019791333333333,103.81649566666665
ELLIOT ROAD,1.3120251,103.9304578
KANG CHOO BIN ROAD,1.3659491400000001,103.88196242
WOOLLERTON PARK,1.3178464666666667,103.80943493333332
JALAN NOVENA,1.3236702,103.84304639999999
JALAN ULU SEMBAWANG,1.4291298000000001,103.8086066
SIRAT ROAD,1.357077,103.87609076666666
ROBEY CRESCENT,1.3670696,103.8822013
LORONG 42 GEYLANG,1.31443455,103.89025055
CHU LIN ROAD,1.3578066,103.7602599
WATTEN ESTATE ROAD,1.32976288,103.80963898
YONG SIAK STREET,1.2830642,103.8300118
JALAN AYER,1.3112513,103.87274065
BHAMO ROAD,1.3251223,103.8499608
PHOENIX AVENUE,1.37290315,103.75936652499999
LORONG 3 GEYLANG,1.3130170857142858,103.87392535714285
LIM AH PIN ROAD,1.3640547333333333,103.88684073333333
MARTABAN ROAD,1.3231317666666669,103.85050910000001
JALAN TANI,1.3673913500000001,103.885102
HULLET ROAD,1.3034685000000001,103.83803935
MARSHALL ROAD,1.3064937200000002,103.90135976000002
ELLIOT WALK,1.3120542,103.9313442
ANG MO KIO AVENUE 1,1.3634972799999998,103.84254309
MEYER PLACE,1.29883505,103.88650575
DORSET ROAD,1.31390925,103.85098633749999
SAM LEONG ROAD,1.309573175,103.8566552
PETAIN ROAD,1.31195055,103.85843681666667
TAY LIAN TECK ROAD,1.3120347,103.9296706
STEVENS CLOSE,1.31472925,103.8245186
THOMSON HILLS DRIVE,1.3786629666666663,103.8320265
JALAN PAKIS,1.3681287,103.7689594
BIDEFORD ROAD,1.3037072285714284,103.8366158857143
PILLAI ROAD,1.3475994,103.8800497
WALSHE ROAD,1.3126274,103.82756810000001
MARINE PARADE,1.3026372400000001,103.90479340242489
JALAN TARI SERIMPI,1.3976541,103.8725524
JALAN LABU MERAH,1.3459136,103.8740489
SPRINGSIDE WALK,1.4051314,103.8199826
RIVIERA DRIVE,1.31634005,103.9426536
JALAN SELANTING,1.3441837,103.767969
LORONG 105 CHANGI,1.3162101,103.90274425
MATTAR ROAD,1.3261224,103.88337035
KELLOCK ROAD,1.2939634,103.82994155000002
HOLLAND AVENUE,1.3111784,103.79590096
SALLIM ROAD,1.3262437,103.8809173
PHILLIPS AVENUE,1.36365815,103.8762341
CHWEE CHIAN ROAD,1.279221175,103.78903805
DE SOUZA AVENUE,1.3451921,103.7688302
JALAN AMPANG,1.3211494000000001,103.7946903
CHAPEL CLOSE,1.3076215,103.9067405
GOLDHILL AVENUE,1.3196919333333332,103.83225663333333
WOO MON CHEW ROAD,1.31592624,103.92949884
PASIR PANJANG CLOSE,1.2914413,103.7720812
PERUMAL ROAD,1.3128904,103.8554199
JALAN TIGA RATUS,1.3413578,103.96048136666667
SERAYA ROAD,1.28919835,103.81311735
JOO AVENUE,1.3152942,103.8551295
INDUS ROAD,1.290258625,103.82964275
DUKE'S ROAD,1.3226923,103.8120603
JALAN HAJI ALIAS,1.32346915,103.7944038
ZEHNDER ROAD,1.2835202,103.7856668
SUNSET CLOSE,1.3247219,103.7657351
EVERITT ROAD,1.3116444600000001,103.90348893999999
SWAN LAKE AVENUE,1.3209185333333335,103.9244994
PEACH GARDEN,1.3017647,103.8589103166667
SERAYA CRESCENT,1.3737895,103.8274288
LLOYD ROAD,1.297353225,103.8395786
GREEN LANE,1.3112364,103.8939949
LORONG 1 REALTY PARK,1.3675317,103.89024486666666
YUAN CHING ROAD,1.33720577,103.72357379
KENG CHEOW STREET,1.28779605,103.843706725
NORFOLK ROAD,1.3153567333333331,103.84650376666666
UPPER CROSS STREET,1.2853135999999998,103.84391914
CHIKU ROAD,1.3141055,103.9056431
TELOK BLANGAH DRIVE,1.2727998,103.8095257875
GREENWOOD AVENUE,1.3336072687499998,103.80593750625
BROOKE ROAD,1.3033778,103.90408776666668
JERVOIS LANE,1.2943776,103.8191378
ST. GEORGE'S ROAD,1.3229260374999998,103.862487325
JALAN TENGGIRI,1.3083318,103.914094
SANDILANDS ROAD,1.3635811,103.8783361
NALLUR ROAD,1.3123459333333332,103.93226403333334
LORONG SELANGAT,1.3453656999999999,103.8684867
SALAM WALK,1.3216999,103.9511615
DUNMAN LANE,1.3088191999999998,103.8947993
HOLLAND HEIGHTS,1.3083371,103.80335579999999
CRANE ROAD,1.31247415,103.898967
LORONG 107 CHANGI,1.3164624,103.9039714
CHOA CHU KANG ROAD,1.3779152000000001,103.75720975000002
LORONG 17 GEYLANG,1.3140684666666667,103.87853998333333
ROSYTH AVENUE,1.3621341,103.8773784
JALAN WAKAFF,1.3181519,103.9116526
HAPPY AVENUE NORTH,1.3308792249999999,103.88104455
GREENDALE AVENUE,1.3320471333333332,103.80668056666666
BELMONT ROAD,1.3161455,103.799332725
KHEAM HOCK ROAD,1.3248292000000002,103.81993993333334
STURDEE ROAD NORTH,1.3140217,103.857171
JALAN JAMAL,1.3127019,103.9253269
LORONG 13 GEYLANG,1.3131304333333333,103.8775365
TAMAN NAKHODA,1.3108757,103.80782415
LORONG GAMBIR,1.3447922,103.874622
CHARLTON LANE,1.3557706,103.8819921
AH SOO GARDEN,1.3506436000000002,103.8836213
LICHFIELD ROAD,1.3644168,103.8701189
WAN THO AVENUE,1.3324105499999999,103.87139065000001
WHAMPOA DRIVE,1.3234374142857142,103.85554615714287
WATERLOO STREET,1.299181725,103.8518845875
JALAN BINGKA,1.3408574666666666,103.78012796666667
WHITLEY ROAD,1.3236201714285714,103.83102231428572
JALAN PARI BURONG,1.33398824,103.94672
TOH YI DRIVE,1.3383789,103.77254076
ENG HOON STREET,1.2842535,103.83376427142856
LORONG 15 GEYLANG,1.31329795,103.87825075
LEITH PARK,1.3628382,103.8744285
TEO KIM ENG ROAD,1.3280721,103.9085962
HAIGSVILLE DRIVE,1.3105114,103.89839979999999
CLAYMORE HILL,1.3077607285714288,103.83180714285716
MOUNT ELIZABETH,1.3054492,103.83538251249999
LUCKY HEIGHTS,1.3164495250000001,103.94049105000002
SIMS AVENUE EAST,1.3202341,103.9109933
HOW SUN CLOSE,1.3438675,103.8816777
LIANG SEAH STREET,1.29812885,103.856324275
TOH YI ROAD,1.3376418,103.77123825
TRURO ROAD,1.3143281,103.8492828
KEE SENG STREET,1.2746548,103.84263585
EVERITT ROAD NORTH,1.3157185666666666,103.90156433333334
YOUNGBERG TERRACE,1.339539,103.8703646
CHANCERY HILL ROAD,1.3237904,103.8389544
CORONATION ROAD,1.322663725,103.80573315
EBER ROAD,1.29926465,103.8401024
STARLIGHT ROAD,1.313847075,103.85379032499999
EAST COAST AVENUE,1.31002862,103.92411612000001
HORNE ROAD,1.3094716285714285,103.86165135714286
KING'S ROAD,1.319067575,103.8069742
SUNBIRD ROAD,1.3379911,103.9578059
LORONG TAHAR,1.3125994,103.8757609
JALAN LABU AYER,1.3438002,103.8741885
JALAN MAS PUTEH,1.3086744333333336,103.76213648888887
SANDY LANE,1.31185,103.8921435
PENHAS ROAD,1.309490275,103.862909325
SOMMERVILLE ESTATE ROAD,1.3109293499999999,103.8063778
KITCHENER ROAD,1.31013258,103.85699688
WESTERHOUT ROAD,1.3109657666666665,103.88029119999999
MARIGOLD DRIVE,1.35404165,103.829364525
DAIRY FARM CRESCENT,1.3654767333333335,103.7691032
TAMPINES LANE,1.3452485,103.9420381
IRWELL HILL,1.2976852,103.8284645
ANGKLONG LANE,1.3625014,103.8251364
TERRASSE LANE,1.3684372,103.8744068
ANG MO KIO RISE,1.3682347,103.8299181
PARK ROAD,1.2841947,103.8399091
TANGLIN RISE,1.307933,103.8040331
